id,name,age,department_name,salary
1,Tristan Coleman,47,HR,55251
2,Mr. Thomas Lambert PhD,43,HR,40526
3,Katie Martin,29,IT,108760
4,Jack Jones,29,IT,87837
5,Lydia Pennington,23,HR,51536
6,Justin Carroll Jr.,39,HR,68541
7,Michael Johnson,36,HR,119083
8,Christopher Reed,36,IT,91027
9,Jacob Jacobs,23,IT,74531
10,Christopher Stephenson,40,IT,48712
11,Drew Garcia,44,IT,105455
12,Kevin Morales,42,HR,114744
13,Andrew Roberts,44,HR,45109
14,Megan Carter,21,HR,89268
15,Michael Perez,44,HR,94615
16,Joel Hines,40,IT,69759
17,Gregory Lopez,31,IT,100112
18,Lawrence Kramer,37,HR,66589
19,Alexandria Porter,28,HR,70015
20,James Schmitt,24,IT,69009
21,Justin White,26,HR,102046
22,Jane Hodge,28,IT,66143
23,Sandra Ingram,40,HR,46154
24,Anthony Andrews,23,HR,61804
25,Angela Rose,36,HR,81688
26,Larry Robinson,45,HR,104288
27,Kayla Caldwell DDS,23,HR,91195
28,Joseph Jones,45,HR,60581
29,Kimberly Harris,49,HR,92648
30,Pamela Kelly,38,IT,70087
31,Scott Watts,34,IT,89930
32,Mallory Gray,38,IT,72981
33,Lisa Ryan,22,IT,109298
34,Shannon Stuart,42,IT,86167
35,Michelle Dixon,23,HR,115304
36,Ryan Kelly,36,HR,83408
37,Brian Hill,49,IT,79499
38,Joseph Solis,29,HR,92269
39,Lacey Turner,24,IT,78559
40,Elizabeth Anderson,21,IT,114319
41,Margaret Harris,24,HR,88787
42,Kevin Farmer,21,HR,75488
43,Nicholas Wilson,34,HR,114441
44,Elizabeth Guzman,41,IT,114663
45,Christine Jensen,36,HR,62431
46,Bryan Jones,40,IT,101681
47,Donald Swanson,44,IT,103483
48,Bianca Villarreal,28,IT,89153
49,Seth Baird,27,HR,46368
50,Luis Knight,23,HR,67424
51,Michael Howard Jr.,37,IT,85004
52,Jennifer Morgan,21,HR,96985
53,Terry Schneider,36,HR,90069
54,James Davis,32,HR,92326
55,Katherine Oconnor,47,IT,63398
56,Alyssa Brown,39,IT,90861
57,Justin Jones,42,HR,115897
58,Kimberly Juarez,43,IT,108577
59,Rachel Bishop,42,HR,105641
60,Maurice Hill,34,HR,49078
61,Blake Garcia,26,HR,65003
62,Thomas Strickland,26,HR,102768
63,Nicole Mcclain,33,IT,91047
64,Rebecca Smith,39,IT,111626
65,Stephanie Walker,42,IT,97660
66,Alejandro Randolph,28,HR,89786
67,Mr. Scott Steele,47,HR,41925
68,Brittany Thomas,47,HR,66015
69,Alyssa Rhodes,22,IT,73320
70,Krista Taylor,41,HR,104881
71,Jennifer Willis,21,IT,66289
72,Richard Walters,48,IT,43389
73,Norman Middleton Jr.,35,IT,65683
74,Matthew Watson,21,IT,53629
75,Charles Henderson,25,IT,101550
76,Stephanie Vega,48,IT,64826
77,Peter Taylor,49,HR,66630
78,Margaret Wilson,36,HR,86163
79,Alec King,39,IT,106435
80,Richard Brandt,24,IT,51653
81,Randy Hamilton,23,HR,67961
82,Christopher Smith,37,IT,114137
83,Hannah Dixon,37,IT,73662
84,Brian Fritz,32,HR,96446
85,Edwin Lewis,48,IT,61288
86,John Acevedo,49,IT,76877
87,Gina Morales MD,34,IT,55313
88,Tracey Daniels,41,HR,112715
89,Jacob Erickson,26,HR,50326
90,Michelle Lucero,23,HR,41560
91,Jon Stafford,48,IT,119148
92,Martin Farmer,29,IT,66745
93,Stephanie Summers,25,HR,71890
94,Matthew Peterson,44,IT,60022
95,Tyler Gallagher MD,49,IT,92579
96,Dakota Powell,37,IT,110316
97,Jeffery Russell,34,IT,68380
98,Melissa King,41,IT,42356
99,Jennifer Rivers,23,HR,110326
100,Leah Singleton,48,IT,60049
101,Kenneth Wright,21,HR,115717
102,Lauren Richardson,40,IT,56082
103,Thomas Davis,49,HR,40661
104,Grace Todd,41,IT,77412
105,Gregory Rodriguez,43,HR,42920
106,Christopher Jordan,21,IT,100315
107,Peter Gonzalez,23,HR,119561
108,Raymond Roberts,38,IT,48946
109,Robert Young,45,HR,85500
110,Christopher Green,30,IT,56309
111,Dr. Jeffrey Faulkner,42,HR,95230
112,David Gonzalez,46,HR,70027
113,Ryan Kennedy,23,IT,112541
114,Karen Robbins,28,IT,99321
115,Ruth Evans,34,HR,40956
116,Victoria Taylor,44,IT,114131
117,Mrs. Wendy Guerra,38,HR,87908
118,Taylor Craig,35,HR,118339
119,Larry Stewart,42,HR,65963
120,Katelyn Atkinson,43,IT,79443
121,Scott Strong,22,HR,79063
122,David Hall,47,HR,44703
123,Robyn Wilson,30,IT,105128
124,Shane Reese,22,IT,112099
125,Jason Harper,46,IT,65849
126,Kimberly Weaver,37,IT,71860
127,Robert Whitaker,28,HR,71585
128,Dylan Jones,21,HR,62015
129,Sarah Dougherty,29,HR,117539
130,Joseph Hayes,31,HR,83585
131,Joseph Thomas,42,IT,66958
132,Jody Edwards,36,HR,66017
133,Robert Dixon,27,HR,116707
134,Zachary Foster,49,IT,85350
135,Ricardo Mendoza,30,HR,52201
136,Shelly Allen,43,HR,69426
137,Tammy Reed,46,HR,57778
138,Amy Berry,23,HR,85241
139,Lisa Weaver,38,HR,82229
140,Steven Watson,45,HR,88364
141,Alyssa Becker,44,IT,97056
142,Cynthia Salazar,33,IT,67490
143,Michael Casey,48,HR,59975
144,Jeremy Wood,46,HR,66723
145,Debbie Ritter,27,IT,63279
146,Shannon Chaney,45,HR,118301
147,Samantha Fletcher,24,HR,51561
148,Kathleen Guzman,33,HR,106061
149,Philip Ruiz,40,IT,89153
150,James Davis,21,HR,73142
151,Wayne Vance,28,IT,66916
152,Ashley Davis,34,HR,104324
153,Heather Hawkins,36,IT,84965
154,Emily Lester,34,IT,44648
155,Mark Johnson,32,HR,75133
156,Joshua Reynolds,39,IT,90677
157,James Johnson,43,HR,110135
158,Thomas Sanchez,35,IT,75046
159,Richard Alexander Jr.,48,HR,87064
160,Michelle Clarke,22,HR,109350
161,Renee Williams,22,IT,85893
162,Kathy Smith,43,HR,101272
163,Christina Hopkins,42,HR,107649
164,Joshua Lee,39,IT,104674
165,Sandra Hall,45,HR,53760
166,Scott Hudson,46,HR,61927
167,Gregory Foster,49,IT,101367
168,Sean Wong,42,IT,52588
169,Noah Lopez,46,HR,92233
170,Bailey Green,46,HR,84738
171,Sharon Lambert,42,IT,73397
172,Joseph Wilson,37,IT,116367
173,Rhonda Meyers,40,HR,111260
174,Thomas Fields,30,IT,116619
175,Kathy Goodman,26,HR,59816
176,Edward Long,35,HR,82240
177,Brandi Robinson,42,HR,46276
178,Emily Andrews,31,HR,119530
179,William Graham,48,HR,63499
180,Elizabeth Stephens,25,IT,111635
181,Barry Christensen,21,IT,75946
182,Nicole Valentine,28,IT,95204
183,Ann Brown,41,IT,91886
184,Justin Olson,48,HR,111652
185,Scott Powell,32,HR,55563
186,Gina Michael,32,HR,49847
187,Christopher Madden,25,HR,66155
188,Jeremy Pierce,27,IT,119671
189,Kelly Mason,24,HR,107278
190,Francisco Jackson,26,HR,58309
191,Angela Huber,33,IT,40619
192,Mrs. Jennifer Potter,40,IT,90108
193,Jacqueline Strickland,35,IT,74707
194,Marc Miles Jr.,23,IT,60337
195,Joy Rodriguez,43,HR,106504
196,Gary Clark,28,HR,87614
197,Jessica Dyer,40,IT,40281
198,Christy Ortiz,36,HR,67420
199,Megan Wade,33,HR,79030
200,Stephanie Robinson,38,HR,41058
201,Jim Brown,48,IT,116260
202,Heather Rogers,30,HR,68404
203,William Castillo,39,IT,69856
204,Jason Hicks DDS,37,HR,49200
205,Christine Santiago,44,HR,104178
206,Rachel Clark,39,HR,73997
207,Amanda Pierce,48,IT,65611
208,Brandy Johnson,46,HR,81235
209,Joshua Taylor,43,IT,75057
210,Tyler Allen,46,IT,41239
211,Chad Brown,25,IT,105661
212,Rebecca Robinson,46,HR,85272
213,Jeremy Chandler,41,HR,101212
214,Robert Martin,43,HR,55398
215,Harold Smith,29,HR,96503
216,Karen Matthews,32,IT,46638
217,Christopher Khan,41,IT,46570
218,Joseph Lee,21,IT,108785
219,Christina Carpenter,46,HR,49110
220,Chelsea Herrera,46,IT,119141
221,Rhonda Davila,21,HR,52115
222,Christian Baker,35,IT,79062
223,Melissa Kelly,22,HR,62911
224,Misty Monroe,42,HR,72556
225,Jenna Duran,36,IT,118131
226,Debbie Henry,45,IT,41969
227,Christine Moses,28,IT,83753
228,Jeffery Stewart,33,IT,44470
229,Tamara Thomas,41,HR,50225
230,Steven Orr,21,IT,63196
231,Sheila Pennington,36,IT,53669
232,Emily Young,49,IT,77380
233,Karen Kelly,27,HR,88320
234,Jeffrey Johnson,25,HR,87414
235,Briana Haynes,42,IT,55577
236,Katelyn Patterson,49,HR,95409
237,David Rodriguez,43,IT,68625
238,Lance Burke,23,HR,64089
239,Matthew Allen,32,HR,76487
240,Jason Taylor,46,HR,105838
241,Mary Hudson,36,HR,90138
242,Shane Lewis,39,IT,82823
243,Patrick Jordan,25,IT,77208
244,Katherine Moore,42,IT,94061
245,Anne Lewis,45,HR,70659
246,Mark Allen,49,IT,71890
247,Mary Berg,34,IT,119134
248,Ryan Bell,48,IT,87055
249,Mrs. Amanda Hughes,25,HR,59508
250,Christopher Gomez,35,HR,82287
251,Mr. James Bryant MD,37,HR,118916
252,Mackenzie Luna,34,IT,66984
253,Gerald Hodges,40,IT,48125
254,Travis Estrada,25,IT,76059
255,Ashley Flowers,32,HR,109569
256,Norman Taylor,36,HR,57087
257,Scott Garza,46,IT,45704
258,Jonathan Fisher,46,HR,100576
259,Anthony Meza MD,36,HR,113384
260,James Mason,41,HR,112460
261,Kendra Garcia,27,HR,67208
262,Megan Mcdowell,24,IT,106024
263,Ricardo Thompson,21,HR,79882
264,Nicholas Jones,25,HR,65923
265,Jesse Baker,43,HR,69165
266,Christina Walker,46,HR,107203
267,Veronica White,30,IT,44114
268,Angela Harris,42,IT,104965
269,Megan Keith,25,HR,76321
270,Joshua Roberts,24,HR,113297
271,Karen Farley,22,HR,65426
272,Nicole Silva,40,HR,57772
273,Russell Rodriguez,30,HR,43712
274,Emily Ware,46,HR,41367
275,Katherine Benson,39,IT,91924
276,Ellen Powell,46,HR,43726
277,Adam Morris,21,IT,67723
278,Nicholas Mcdonald,44,IT,49108
279,Dan Smith,25,HR,117714
280,Alexa Perez MD,33,IT,75643
281,Bruce Ball,24,IT,71324
282,Bradley Baldwin,36,IT,48927
283,Daniel Murphy,44,IT,62443
284,Jennifer Adams,36,IT,119973
285,Brooke Valdez,43,IT,103449
286,Ebony Petersen,22,HR,116743
287,Dr. Blake Thomas MD,37,IT,100233
288,Peggy Robinson,48,IT,65537
289,Tiffany Lee,47,IT,117576
290,Jeremy Valdez,40,HR,62612
291,James Hansen,44,IT,46471
292,Ryan Lyons,32,HR,75631
293,Sara Townsend,38,IT,71348
294,Rebecca Sandoval,23,HR,104732
295,Tammy Steele,48,HR,41177
296,Kimberly Hudson,21,IT,44760
297,Brenda Duke,21,IT,72779
298,Roberto Miller,49,HR,61636
299,Michelle Lawrence,39,IT,93551
300,David Riley,31,HR,51556
301,Sarah Dougherty,25,HR,67598
302,Dale Koch,32,HR,51563
303,Jake Clark,23,HR,86819
304,Christina Harper,21,HR,113770
305,Patrick Gonzalez,21,IT,66966
306,Michael Griffith,28,HR,99889
307,Timothy Smith,30,HR,66987
308,Molly Miller,31,IT,118714
309,Rita Ramos,32,HR,98348
310,Adam Garcia,49,IT,64596
311,Trevor Macdonald,33,IT,73174
312,Sara Warner,32,IT,104106
313,Matthew Norman,34,HR,109967
314,Rachel Rogers,22,HR,99182
315,Jennifer Ryan,49,HR,79310
316,Kimberly Simmons,39,IT,96088
317,Dr. Melissa Phillips,38,HR,48906
318,David Tate,23,IT,76914
319,Jose Jones,43,HR,85379
320,Thomas Hunter,37,IT,118612
321,James Crane,46,HR,77650
322,Jennifer Proctor,28,HR,86881
323,Adam Pierce,49,HR,86413
324,Jonathan Payne,46,IT,46012
325,Gary Cunningham,30,IT,90115
326,Anthony Logan,46,HR,47151
327,Dawn Johnson,22,HR,97716
328,Micheal Cox,39,IT,76378
329,Matthew Williams,29,IT,82652
330,Melanie Davis,27,IT,112430
331,Aaron Blake,24,HR,53467
332,Laura Smith,46,IT,71010
333,Chelsea Fry,41,HR,94691
334,Carlos Carter,38,IT,104157
335,Jennifer Gomez,33,HR,52289
336,Amy Marshall,31,IT,84976
337,Samuel Watson,49,IT,83596
338,Jacob Oconnor,44,IT,63171
339,Dr. Amanda Johnson MD,24,IT,84139
340,Raymond Smith,45,IT,88713
341,Christopher Shepard,41,HR,69734
342,Jason White,49,IT,112588
343,Tracey Young,45,IT,103646
344,Ashley Stephens,24,IT,43654
345,Michael Delgado,30,HR,58743
346,Charles Ramirez,25,IT,88368
347,Richard Smith,29,HR,114172
348,Anthony Austin,44,IT,46441
349,Rebecca Morris,23,IT,64611
350,Karen Hernandez,37,HR,52149
351,Sharon May,23,IT,99189
352,Theodore Vincent,36,HR,61675
353,James Kline,24,HR,111031
354,Alec Greene,38,IT,82668
355,Louis Sheppard,37,HR,53673
356,Justin Shaffer,27,IT,116666
357,Jason Perez,44,IT,105429
358,Susan Kaiser,43,HR,63669
359,Jeremy Hatfield,25,HR,74068
360,Erik Harris,32,HR,49435
361,Juan Wright,37,HR,92249
362,Jodi Bowen,43,IT,77384
363,Matthew Stokes,33,IT,116153
364,Kenneth Taylor,43,HR,115388
365,Kimberly Chung,45,IT,71401
366,Margaret Atkins,23,IT,111831
367,Jessica Burgess,29,IT,74084
368,Nicole Vargas,37,IT,95826
369,Mark Austin,37,HR,76451
370,Brian Williams,40,HR,47227
371,Kevin Sandoval,36,IT,71910
372,Casey Burke,45,HR,76041
373,Chelsea Aguirre,42,HR,105681
374,Michael Bates,33,HR,105481
375,Charles Lee,47,IT,108576
376,Robert Bautista,39,IT,104174
377,Tyler Alvarez,37,IT,66160
378,Jerry Duncan,24,HR,57633
379,Glenn Pena,32,IT,57014
380,Paula Vang,49,IT,89104
381,David Livingston,29,HR,81621
382,Dr. Ian Acevedo,39,IT,117231
383,Steven Price,32,IT,108388
384,Rodney Mccoy,29,HR,56014
385,John Anderson,27,HR,73755
386,Carol Martinez,48,HR,80390
387,Marc Hickman,34,IT,63711
388,Michael Frost,40,IT,97993
389,Julie Carlson,39,IT,114696
390,Terry Jimenez,46,HR,67213
391,Tanner Cain,35,HR,97784
392,Beverly Rowe,36,IT,47421
393,Charles Boyd,41,IT,57727
394,Emily Hodge,25,HR,44358
395,Michelle Berry,23,HR,105108
396,Maurice Davis,32,HR,72117
397,Adam Wilcox,45,HR,71910
398,Daniel Miller,40,IT,95754
399,Ashley Clark,47,HR,102438
400,Benjamin Burns,41,IT,69371
401,Roberto Colon,24,IT,91501
402,Kylie Lara,41,IT,100946
403,Catherine Cooper,43,HR,78467
404,Michael Olson,36,HR,57625
405,Sean Baker,45,HR,73893
406,Kimberly Silva,27,HR,116329
407,Natasha Foster,33,IT,71007
408,Aaron Ellis,41,HR,79532
409,Nathan Carter,30,HR,94253
410,Kathryn Durham,46,IT,52323
411,Todd Stevens,27,HR,113379
412,Rebecca Patel,34,IT,54210
413,Lisa Smith,46,IT,56456
414,Kimberly Moyer,25,IT,71367
415,Ryan Robles,23,IT,94624
416,Sarah Lynn,43,IT,50106
417,Douglas Nelson,49,IT,108008
418,Michael Oliver,31,IT,112240
419,Kyle Odom,31,IT,104315
420,Christina Neal,38,HR,109249
421,Carolyn Craig,35,HR,110587
422,Pamela Conway,32,HR,50756
423,Holly Friedman,29,HR,108011
424,Jorge Miranda,30,IT,76378
425,Jamie White,46,HR,44255
426,Ethan Ellis,32,IT,54484
427,Amanda Williamson,37,HR,96549
428,Justin Anderson,49,HR,74503
429,Jennifer Hall,26,HR,113794
430,Jennifer Campbell,27,IT,85113
431,Douglas Riley,34,HR,114069
432,Kara Sandoval,33,IT,45249
433,Jennifer Cisneros,28,IT,59201
434,Hayley Ortiz,30,HR,98576
435,Melissa Graham,29,HR,49686
436,James Johnson,38,HR,93363
437,Tammy Mahoney,47,IT,40661
438,Tina Ferguson,46,HR,84843
439,Andrew Arellano,22,IT,100963
440,Jonathan Kelly,25,IT,82828
441,Jasmine Walker,49,HR,88604
442,Monica Dixon,25,HR,50526
443,Alexander Doyle,26,IT,108910
444,Dean Curtis,39,IT,65592
445,Mark Todd,28,IT,68982
446,Laura Church,36,HR,40207
447,Miguel Johnston,33,IT,108619
448,Lawrence Osborn,21,HR,69328
449,Andrea Rice,42,IT,86479
450,Dawn Olson,40,IT,60103
451,Kaylee Ashley,37,HR,79891
452,Mary Melton,27,IT,50754
453,David Spencer,45,HR,112982
454,Jessica Edwards,33,HR,95922
455,Ashley Schwartz,24,IT,88231
456,Robert Maynard,24,HR,69301
457,Taylor Massey,26,HR,102711
458,Louis Bell,48,IT,81323
459,Micheal Gonzalez,39,HR,58752
460,Shannon Rosario,49,HR,53395
461,Robert Thompson,32,HR,96273
462,Raymond Riley,42,IT,44895
463,Andre Schultz,27,HR,116559
464,Joseph Snyder,47,IT,50699
465,Kimberly Marks,30,IT,105061
466,Shane Jimenez,46,HR,49715
467,Troy Russell,39,HR,59169
468,Ronald Thomas,27,HR,56163
469,Michael Velez,23,IT,45782
470,Mario Lewis,33,HR,75585
471,Benjamin York,33,HR,70682
472,Brenda Taylor,38,HR,87864
473,Joyce Vargas,48,HR,95114
474,Matthew Lester,46,HR,78067
475,Nicole Lam,40,IT,82685
476,Patricia Bentley,48,IT,58073
477,Natalie Evans,28,HR,76035
478,Brenda Garcia,49,HR,104977
479,Bryan Mccann,29,HR,105450
480,Martin Davis,27,HR,50382
481,Linda Johnson,21,IT,44437
482,Madison Jones,23,HR,110971
483,Christopher Andersen,33,IT,104612
484,Emily Henderson,48,IT,101929
485,Robert Jones,45,HR,52329
486,Joyce Pope,48,IT,65169
487,Logan Richardson,37,IT,74594
488,Mark Jennings,45,IT,116957
489,Mike Liu,44,IT,100631
490,John Ross,21,HR,85033
491,Michael Allen DDS,26,HR,103133
492,Austin Fitzgerald,41,IT,113165
493,Isaiah Donaldson,26,HR,113861
494,Nicole Potts,46,HR,92290
495,Joshua Sanders,32,HR,71750
496,Nicholas Gentry,33,HR,80461
497,Charles Rivas,33,HR,113800
498,Darlene Meyer,49,IT,118222
499,Amanda Harris,35,HR,64226
500,Maria Barrett,41,HR,46721
501,Brenda Hicks,36,HR,96154
502,Thomas Rogers,42,HR,60609
503,Kaitlyn Mcdonald,41,IT,92130
504,Justin Adkins,31,IT,112909
505,Stephanie Thompson,48,IT,95249
506,Carolyn Shaw,25,IT,88895
507,Gregory Sexton,24,HR,45656
508,John Perez,23,IT,114520
509,Anna Sullivan,39,HR,103740
510,Troy Davidson,40,HR,104309
511,Stephen Arnold,45,HR,69984
512,Joseph Marks,38,HR,113822
513,Keith Haynes,35,HR,45901
514,Andrew Morgan,29,IT,71552
515,Andrew Sanchez,37,IT,71055
516,Fred Wolfe,34,IT,77685
517,Adrienne Dominguez,35,IT,113965
518,Brendan Sparks,21,HR,54716
519,Melissa Green,41,IT,51138
520,Cynthia Webster,42,HR,75298
521,Darlene Torres,42,IT,91112
522,Latasha Phillips,23,HR,63429
523,Stephen Mills,36,HR,90200
524,Stephanie Hartman,43,IT,111308
525,Mark Huber,45,HR,88244
526,Heidi Armstrong,31,HR,57347
527,Lauren Sanders,32,IT,56920
528,Thomas Thompson,30,HR,71822
529,Melissa Torres,36,IT,86659
530,Maria Krause,28,IT,80108
531,Amy Little,26,IT,47967
532,George Garcia,32,HR,51871
533,Christine Johnson,44,HR,117452
534,Randy Graham,48,HR,114270
535,Kimberly Cunningham,41,IT,73613
536,Hannah Gibbs,28,HR,68179
537,Linda Carey,46,IT,92188
538,Christopher Jensen,48,IT,95099
539,Justin Hood,24,HR,75262
540,Anne Patterson,46,IT,118213
541,Justin Stephens,28,HR,58268
542,Mark Stone,46,HR,117866
543,Michael Russell,48,HR,100545
544,Katie Smith,38,HR,112146
545,Jonathan Martin,48,HR,111966
546,Amanda Stone,48,IT,79922
547,Terry Bond DDS,25,IT,119364
548,Ronald Mckinney,29,IT,82913
549,Aaron White,24,HR,95677
550,Suzanne Bradshaw DVM,47,HR,89841
551,Ms. Joanna Meadows,42,HR,86332
552,Joshua Myers Jr.,37,IT,65032
553,Jennifer King,29,HR,77846
554,Cory Ramirez,21,IT,99474
555,Kayla Hill,41,IT,84936
556,Julia Holland,40,HR,69794
557,Roy Welch,33,HR,101588
558,Kari Alvarez,48,IT,110984
559,Maria Mayer,36,HR,90331
560,Susan Anderson,49,IT,68141
561,Robert Gray,33,HR,49074
562,Caleb Fuller,34,HR,46406
563,Beth Parker,23,IT,63291
564,Brian King,49,HR,81568
565,Paul Payne,26,IT,86851
566,Courtney Perez,38,HR,94823
567,Sally Bates,39,IT,63312
568,Brian Phelps,25,IT,83108
569,Connie Hines,35,HR,106918
570,Roger Nguyen,45,IT,74171
571,Sarah Murphy,22,HR,81779
572,Christopher Turner,30,HR,108828
573,Adam Odom,44,HR,52411
574,Nichole Osborne,38,IT,97009
575,Eric Curry,47,IT,55422
576,Edward Benson,33,HR,82468
577,Joshua Barker,25,HR,72371
578,Alexandria Rosario,43,IT,97022
579,Steven Diaz,44,HR,111229
580,Timothy Schultz,21,HR,91196
581,Douglas Bailey,42,IT,66715
582,Regina Martinez,21,HR,67605
583,Melissa Pollard,38,IT,71174
584,William Nixon,35,HR,49956
585,Denise Booth,37,IT,116373
586,Robert Williams,31,HR,109252
587,Melissa Serrano,41,HR,101949
588,Sean Banks,46,IT,102646
589,Justin Everett,45,HR,110017
590,Tiffany Castillo,42,IT,103037
591,Jody Cortez,47,HR,46548
592,Crystal Carroll,47,IT,113294
593,Lisa Lynch,37,IT,63177
594,Christopher Swanson,33,IT,64022
595,Jacob Douglas,21,IT,45542
596,Jacob Thomas,22,HR,100428
597,Kristin Lee,29,HR,62740
598,Melinda Taylor,23,IT,99353
599,Joshua Smith,21,IT,96532
600,Oscar Scott,41,IT,56052
601,Jennifer Roth,36,HR,87076
602,Rebecca Beasley,43,HR,93420
603,Stanley Black,26,HR,40671
604,Jeffrey Campbell,48,HR,40163
605,Dale Moreno,37,IT,81424
606,Katelyn Rodriguez,25,IT,93744
607,Brittany Johnson,25,IT,110331
608,Heidi Krueger,26,HR,50634
609,Rebecca Kelly,23,HR,44798
610,Bruce Sanchez,41,HR,62420
611,Christopher Martin,43,IT,69300
612,Scott Mack,25,IT,50749
613,Jennifer Higgins,41,HR,65121
614,Ricky Owens,25,IT,77487
615,Julia Fernandez,30,HR,73361
616,Tina Kelley,30,HR,61223
617,Katelyn Duffy,39,IT,112930
618,Travis Lynch,37,HR,54056
619,Michael Hudson,41,IT,68380
620,Lori Gallagher,34,HR,66035
621,Mark Gonzalez,29,IT,70620
622,Maria Thompson,34,IT,59877
623,Dorothy Joseph,21,IT,95316
624,Karen Grimes,39,HR,104041
625,Deborah Hart,33,HR,93352
626,James Anderson,33,IT,70911
627,Wesley Underwood,24,IT,72784
628,Joy Hernandez,21,HR,43191
629,Michael Jones,37,HR,73160
630,Heather Tran,28,HR,104641
631,Melissa Young,22,IT,89723
632,Michael Jordan,48,HR,43631
633,Steven Frye,28,HR,46172
634,Nichole Hansen,27,IT,82080
635,Adriana Carter,46,HR,60281
636,Lisa Hill,46,HR,68671
637,Taylor Hughes,22,HR,91431
638,Mark Anderson,42,IT,68602
639,Levi Johnson,42,IT,91399
640,Joshua Ford,23,IT,63472
641,Austin Jones,47,IT,89230
642,Briana Boyle,38,IT,113616
643,David Stevens,32,IT,47099
644,Karen Camacho,21,IT,65431
645,Maria Morgan,42,HR,96492
646,Ricardo Johnson,32,HR,87684
647,David Chapman,25,IT,70111
648,Gerald Farmer,47,HR,103936
649,William Alvarez,45,HR,62614
650,Eric Moore,37,IT,81991
651,Nicholas Carey,36,HR,110476
652,Savannah Robinson,35,HR,100920
653,Mark Dudley,43,HR,103530
654,Justin Vazquez,35,HR,76224
655,Joshua Walker,25,HR,47788
656,Jane Davis,41,IT,68082
657,Matthew Serrano,34,IT,116816
658,Holly Reyes,22,IT,56531
659,Jessica Lindsey,31,HR,84857
660,Anna King,39,IT,50142
661,Karen Perez,27,HR,88355
662,Dwayne Reynolds,26,HR,49866
663,Christopher Baker,48,HR,110067
664,James Gardner,22,HR,104027
665,Jeffrey Lopez,26,IT,97906
666,Scott Kelley,38,IT,68138
667,Maurice Hernandez,22,HR,69956
668,Robert Miller,38,IT,116295
669,Cheryl Kline,35,HR,45439
670,Mr. Brian King,47,IT,87241
671,Marissa Joseph,39,IT,82533
672,Justin Cohen,22,HR,68270
673,David Johnson,40,IT,118815
674,James Davis,45,HR,79279
675,Jaime Rose,26,IT,63888
676,James Williams,21,HR,57630
677,Jessica Mcdonald,44,HR,101063
678,Adam Fisher,35,IT,75144
679,Steven Harris,48,IT,92161
680,Jerry Mcdonald,43,HR,117360
681,Jessica Good,30,IT,90979
682,Tracy Arroyo,39,IT,46979
683,Rebecca Sanchez,37,HR,66189
684,David Sanchez,25,HR,82600
685,Lori Wilson,49,IT,99560
686,Robert Brown,24,HR,118040
687,Fred Gates,30,HR,101558
688,Brittany Tran,44,HR,46910
689,Reginald Holmes,37,IT,97713
690,Tanner Kelly,30,IT,86857
691,Rhonda Rivera,37,HR,74964
692,Jeffrey Johnson,48,IT,65227
693,Brian Fitzpatrick,40,HR,45978
694,Albert Houston,44,IT,57153
695,James Jacobson,25,HR,99765
696,Charles Brown,22,HR,79071
697,Michael Taylor,26,IT,109519
698,Jason Arias,41,HR,49503
699,Anthony Johnson,22,IT,100703
700,Michelle Compton,33,IT,104379
701,Frank Ferguson,31,HR,97866
702,Mr. Mark Webb DVM,31,HR,56905
703,Mr. Zachary Miller,36,IT,85838
704,Daniel Doyle,31,HR,98279
705,Andrew Lewis,39,HR,66806
706,Michael Harris,35,HR,85000
707,Tiffany Banks,45,HR,62168
708,Courtney Johnston,43,HR,110119
709,Laura Marshall,43,IT,78714
710,Robin Rodriguez,36,IT,94093
711,Catherine Johnson,31,HR,95419
712,Lisa French,42,HR,89145
713,Zoe Rice,36,HR,117425
714,April Moore,28,IT,117811
715,Ryan Holland,24,HR,42461
716,Robert Benjamin,28,IT,54291
717,Joe Kane,24,IT,86804
718,Melissa Davenport,44,IT,116971
719,Brian Brown,45,HR,104946
720,Damon Ray,23,IT,101332
721,Hunter Acevedo,23,HR,117794
722,Joshua Sanders,47,IT,70841
723,David Castro,49,HR,88758
724,Jason Neal,38,IT,116272
725,Andrew Mendez,49,HR,77643
726,Philip Hopkins,46,IT,90408
727,Brian Curtis,39,HR,83950
728,Brittney Burns,39,HR,96849
729,Ruth Harrell,41,HR,68044
730,David Hayes,25,HR,55997
731,Carlos Carney,38,IT,119751
732,Joshua Aguilar,48,IT,63911
733,Jennifer Anderson,30,HR,95533
734,William Graham,49,IT,54571
735,Tammy Lewis,42,HR,97941
736,Jennifer Smith,41,HR,98005
737,Trevor White,26,IT,98712
738,Debra Jones,21,HR,83541
739,David Wolf,25,HR,63387
740,Timothy Thompson,29,IT,88908
741,Ralph Eaton,32,HR,53057
742,Gilbert Williams,46,HR,104028
743,Alexa Johnson,34,HR,95731
744,Connie Patterson,22,HR,64858
745,Michael Santana,37,IT,88689
746,Melissa Watkins,34,IT,84638
747,Pamela Cunningham,46,IT,86486
748,Stephen Cunningham,33,HR,60567
749,Ashley Wright,47,HR,69739
750,James Rivas,29,IT,97804
751,Andrea Allison,46,HR,43754
752,Heather Roberts,45,HR,67044
753,Ryan Hunt,35,HR,107260
754,Sara Thomas,45,HR,106912
755,Jeffrey Sanders,42,IT,48706
756,Pamela Cervantes,35,IT,48894
757,Catherine Norman,44,IT,58037
758,Johnathan Wilson,31,HR,91612
759,Mr. Douglas Santiago DDS,36,IT,69725
760,Daniel Dillon,49,IT,45926
761,Manuel Johnston,37,HR,49496
762,Brandon Henry,46,HR,96447
763,Linda Ramirez,24,IT,69806
764,James Dillon,21,IT,81321
765,Kathleen Santiago,28,IT,105095
766,Wendy Walsh,37,IT,62656
767,Kimberly Collins,23,HR,95147
768,Rebecca Lowe,49,IT,89666
769,Donald Marquez,40,IT,78787
770,Adrian Davis,35,HR,102946
771,Sara Hernandez,35,IT,61727
772,Rebecca Mcintyre,44,HR,108056
773,Michael Smith,42,HR,43081
774,John Hill,34,HR,74196
775,Richard Smith,46,IT,76735
776,Matthew Cobb,48,IT,119578
777,Michael Ochoa,43,HR,65498
778,Jennifer Burke,34,IT,116865
779,Samantha Brooks,44,IT,71656
780,Jose Morgan,22,HR,107695
781,Craig Gonzalez,33,HR,77900
782,Julie Dodson,46,IT,87701
783,William Armstrong,34,HR,59033
784,Ashley Williams,47,IT,50805
785,Michael Campos,44,IT,75851
786,David Glass,39,IT,66832
787,Jeffrey Glover,27,IT,103437
788,Erin Williams,23,HR,53944
789,Antonio Ramirez,35,HR,59873
790,Leah Sanchez,43,HR,80372
791,Michael Garcia,34,HR,55379
792,Brenda Perez,31,IT,76751
793,Laura Sandoval,35,IT,45110
794,Joseph Giles,48,HR,94341
795,Joan Davis,33,IT,52087
796,Maria Harmon,38,IT,63762
797,Jessica Hill,46,IT,49596
798,Brian Berg,26,HR,58313
799,Steven Evans,23,HR,106549
800,Lori Acosta,39,HR,63705
801,David Jordan,35,IT,107364
802,Steven Washington,45,HR,113445
803,Rebecca Randall,43,HR,118645
804,Eric Austin,25,HR,42023
805,Robert Larson,48,HR,99796
806,Miss Mallory Evans DVM,30,HR,104429
807,Devon Garrett,27,HR,101627
808,Jennifer Mitchell,45,IT,73848
809,Kimberly Ward,37,IT,77804
810,Julie Boyd,27,HR,55379
811,Yvonne Williams,42,HR,99664
812,Christopher Gonzalez,46,IT,67766
813,Jason Ponce,32,IT,108099
814,John Mcgee,45,HR,76060
815,Charles Lee,37,HR,109122
816,Marcus Kelly,33,HR,56087
817,Charles Smith,40,HR,88868
818,Melissa Williams,45,IT,63225
819,Colin Delacruz,24,HR,46643
820,Jeremy Perkins,30,HR,76727
821,Sheena Rowland,23,HR,51005
822,Audrey Simon,29,HR,105697
823,Dr. Timothy Lowery,33,IT,56029
824,Chris Griffin,38,IT,54226
825,Adam Cobb,35,IT,103646
826,Brent Ramirez,24,HR,100603
827,Jasmine Taylor,35,HR,68731
828,Justin Davies,42,IT,108926
829,Anita Ross,22,HR,45997
830,Jodi Perez,35,HR,95506
831,Andrew Smith,28,IT,118229
832,Katherine Harris,28,IT,89815
833,Maria Spence,37,IT,82092
834,Brittany Green,32,IT,102539
835,Crystal Duke,39,HR,106077
836,Jessica Zhang,30,HR,61817
837,Joseph Garcia,29,IT,77861
838,Jeremy Taylor,25,HR,53428
839,Mrs. Rebecca Joyce MD,26,IT,83934
840,Kathryn Thompson,40,IT,50258
841,Laura Ho,46,HR,97775
842,Melissa Pacheco,22,IT,45469
843,Gary Perry,47,HR,68854
844,Kelsey Vance,44,HR,46256
845,Daniel Thomas,47,HR,116256
846,Elizabeth Robertson,33,HR,73937
847,Hannah Smith,26,IT,41651
848,Kevin Edwards,25,HR,90288
849,Andrea Torres,45,IT,65051
850,David Fletcher,21,IT,67386
851,Ashley Lyons,41,IT,115054
852,Devin Bailey,42,IT,56184
853,Erik Mcclain,41,HR,73787
854,Kathy Snyder,26,HR,61621
855,Frances Aguirre,26,IT,115564
856,Morgan Ibarra,43,IT,117984
857,Whitney Monroe,36,HR,99792
858,Brooke Arnold,24,IT,85253
859,Jennifer Wiggins,31,HR,74051
860,Christina Sosa,44,IT,89811
861,Rose Brown,43,HR,70447
862,Frank Harper,29,IT,70254
863,Matthew Bennett,43,IT,97418
864,Bethany Perry,23,HR,54472
865,Virginia Mann,39,IT,43471
866,Jennifer Gutierrez,28,IT,48329
867,Victor Smith,25,HR,74865
868,Susan Baker,24,IT,86850
869,Lisa Humphrey,44,HR,94220
870,Lee Estrada,26,HR,46397
871,Lisa Dodson,22,IT,75525
872,Cheyenne White,40,IT,93072
873,Jason Morales,48,IT,63284
874,Veronica Deleon,31,IT,101330
875,Cynthia King,24,IT,65122
876,Jeremiah Myers,35,IT,110553
877,Carlos Manning,26,IT,102812
878,Jonathan Hamilton Jr.,42,HR,47999
879,Dr. Sheila Patrick,37,IT,62436
880,Kari Johnson,44,HR,82963
881,John Huang,26,IT,42096
882,Carolyn Smith,39,IT,65279
883,David Jones,45,HR,66201
884,Tanya Johnson,22,IT,59715
885,Derek Haynes,35,IT,69309
886,Kimberly Rivers,31,HR,55078
887,Diana Reeves,28,IT,96614
888,Taylor Hanna,46,IT,45105
889,Nancy Miller,39,IT,42839
890,Michael Clark,33,HR,108920
891,Paul Turner,32,IT,83619
892,Peter Green,25,IT,82821
893,Paula Drake,26,IT,53493
894,John Jimenez,46,IT,57069
895,Kenneth Powell,42,HR,47531
896,Anna Ramirez,24,HR,77051
897,Kristin Clark,39,IT,47736
898,Melissa Taylor,40,IT,47710
899,Danielle Ryan,21,HR,107155
900,Hunter Arnold,40,HR,53975
901,Amy Bishop,37,IT,102424
902,Donald Garcia,32,HR,85603
903,Jeffery Greene,35,IT,63252
904,Nicholas Green,21,HR,41431
905,Erica Love,46,HR,114603
906,Mark Ho,34,HR,77481
907,Margaret Morris,26,HR,49557
908,Debra Johnson,25,IT,114971
909,Miguel Hardy,31,HR,40162
910,Kathy Anderson,24,HR,74742
911,Stephen Holt,33,IT,59675
912,Ronnie Torres,31,HR,113997
913,Ronald Estrada,23,HR,57015
914,James Jones,21,IT,90057
915,Drew Henderson,26,HR,72591
916,Dylan Cooper,38,IT,49833
917,Harold Perez,44,IT,47896
918,Andrea Garcia,30,IT,72972
919,Christine Roberts,25,IT,89733
920,Lisa Smith,43,HR,81800
921,Donald Dixon,30,IT,45347
922,Charles Parrish,32,HR,99063
923,Justin Gallagher,22,HR,42643
924,Leslie Blake,33,HR,80785
925,Gary Walker,28,HR,58681
926,Michelle Kramer,22,HR,90026
927,Heather Smith,40,HR,55892
928,Alyssa Holmes,21,HR,87299
929,Nicole Kent,25,HR,57073
930,Jason Hill,29,HR,70682
931,Erika Callahan,37,HR,54289
932,Jessica Peterson,29,IT,47927
933,Andrew Hunter,31,IT,88330
934,Dean Burns,35,IT,106707
935,Ryan Bradford,44,HR,117454
936,Brenda Bartlett,26,IT,105428
937,Shane Green,43,IT,90601
938,Joseph Rodriguez,23,IT,117465
939,Amanda Smith,37,HR,42539
940,Anna Merritt,25,HR,62669
941,Eric Winters,48,HR,110968
942,Leah Hunt,32,HR,60644
943,Jonathan Harmon,38,IT,58745
944,Michael Galvan,34,IT,68228
945,Logan Skinner,41,IT,74521
946,Todd Vasquez,44,IT,66928
947,Mary Wilson,31,HR,58322
948,Amber Davis,29,HR,97714
949,Desiree West,22,HR,102292
950,Daniel Callahan,32,IT,69055
951,Mrs. Deborah Chang,23,HR,82891
952,Kristina Fields,23,HR,46588
953,Carolyn Brown,21,IT,46304
954,Katherine Turner,28,IT,47345
955,Christopher Smith,42,HR,69300
956,Amanda Stein,48,HR,64259
957,Corey Wilson,49,HR,55352
958,Mark Weber,28,HR,73365
959,Shawn Adkins,31,HR,59446
960,Vanessa Leblanc,29,HR,42336
961,Carly Hebert,25,IT,102032
962,Bobby Benitez,34,IT,115415
963,Kathryn Williamson,48,IT,47521
964,Angela Russo,23,HR,111707
965,Mark Hernandez,41,IT,63481
966,Carol Sharp,25,HR,58474
967,David Fritz,25,HR,86760
968,Shirley Holmes,39,IT,95718
969,Richard Allison,47,HR,84629
970,Lisa Thomas,34,HR,85232
971,Becky Yates,46,IT,107169
972,Yvonne Maldonado,24,IT,90669
973,Shelly Glenn,45,IT,118021
974,Steven Donaldson,33,HR,109184
975,Keith Tate,30,IT,87945
976,Catherine Williams,45,IT,53140
977,Christina Johnson,38,HR,54357
978,Michael Harris,28,IT,108673
979,Christopher Martin,28,IT,105633
980,Stacey Cannon,27,IT,116943
981,Mrs. Kayla Carney,28,HR,118258
982,Tammy Chavez,34,HR,52924
983,Hannah Tucker,39,HR,109286
984,Christina Nelson,49,HR,114071
985,Lisa Rowe,26,IT,97326
986,Kevin Ellison,21,HR,70651
987,Nancy Mendoza,43,HR,110202
988,Donald Martin,35,IT,88777
989,Jon Powell,21,IT,56994
990,David Garcia,45,IT,107263
991,Lisa Anderson,37,HR,99634
992,Diana Hernandez,21,HR,50800
993,April Rowe,35,HR,77823
994,Caroline Adams,43,IT,103878
995,Allison Bridges,22,IT,58708
996,Barbara Romero,34,HR,52819
997,Adrian Stout,41,IT,114905
998,Russell Kelley,28,IT,103870
999,Amy Warner,28,IT,49283
1000,John Shepherd,39,HR,70573
